ID,District,Area_m2,Rooms,Floor,Year_Built,Date,Price_AZN
2001,Sebail,41.0,1.0,9.0,2021.0,2024-04-08,168050.0
2002,Yasamal,120.0,3.0,2.0,1988.0,2025-01-18,315266.0
2003,Xezer,39.0,2.0,5.0,1988.0,2024-01-20,70060.0
2004,Xetai,133.0,3.0,17.0,1974.0,2024-05-29,236222.0
2005,Yasamal,64.0,2.0,17.0,1993.0,2025-03-03,151444.0
2006,Yasamal,44.0,2.0,12.0,1997.0,2024-01-12,116858.0
2007,Binaqadi,39.0,1.0,2.0,,2025-08-16,73578.0
2008,Yasamal,58.0,1.0,5.0,1978.0,2024-08-30,132239.0
2009,nesimi,111.0,3.0,4.0,1980.0,2024-08-27,254818.0
2010,Xetai,41.0,1.0,14.0,1993.0,2024-11-17,77456.0
2011,Xezer,150.0,5.0,3.0,1973.0,2025-01-18,268165.0
2012,nesimi,120.0,4.0,7.0,,2024-10-02,345483.0
2013,Yasamal,74.0,1.0,6.0,2004.0,2025-06-14,204934.0
2014,Nerimanov,177.0,6.0,19.0,2022.0,2025-07-31,458661.0
2015,Nesimi,128.0,4.0,9.0,2001.0,2024-04-30,391538.0
2016,Nizami,130.0,3.0,,1977.0,2025-02-28,199942.0
2017,Yasamal,56.0,2.0,4.0,2024.0,2024-06-29,161287.0
2018,Nesimi,136.0,5.0,8.0,1998.0,2025-08-20,356066.0
2019,Yasamal,113.0,2.0,15.0,2009.0,2024-05-31,346532.0
2020,Xezer,177.0,4.0,11.0,1980.0,2024-06-26,255317.0
2021,Xezer,101.0,3.0,5.0,2001.0,2025-03-04,219360.0
2022,Xetai,131.0,4.0,9.0,1974.0,tarix yoxdur,232938.0
2023,Nerimanov,81.0,3.0,6.0,2004.0,2024-03-18,191210.0
2024,Binaqadi,36.0,1.0,6.0,1981.0,2024-11-29,61303.0
2025,Nesimi,49.0,1.0,4.0,2020.0,2024-07-26,146815.0
2026,nizami ,160.0,4.0,15.0,1973.0,2025-01-02,231355.0
2027,Nizami,140.0,4.0,9.0,2005.0,2024-11-30,254951.0
2028,Nizami,84.0,3.0,1.0,1977.0,2025-08-14,131995.0
2029,Nesimi,134.0,4.0,16.0,2007.0,2025-07-14,384630.0
2030,Nizami,30.0,1.0,15.0,,2025-01-27,46218.0
2031,XETAI,35.0,1.0,1.0,2023.0,2025-02-11,76416.0
2032,Xezer,106.0,4.0,6.0,2005.0,2025-06-23,243741.0
2033,Nesimi,123.0,3.0,4.0,1990.0,2024-04-20,335462.0
2034,Xetai,170.0,4.0,2.0,1974.0,2025-03-11,325262.0
2035,Binaqadi,143.0,3.0,9.0,2002.0,2025-04-08,236668.0
2036,Yasamal,68.0,3.0,17.0,1994.0,2024-03-17,163750.0
2037,Nizami,152.0,5.0,5.0,1972.0,2025-06-12,261951.0
2038,Sebail,103.0,4.0,13.0,2001.0,2025-02-23,389866.0
2039,Nizami,153.0,5.0,,1981.0,2024-07-27,237142.0
2040,Xetai,56.0,1.0,5.0,1982.0,2024-10-17,118167.0
2041,Nesimi,33.0,1.0,5.0,1970.0,2024-10-20,74623.0
2042,Sebail,38.0,1.0,13.0,1990.0,2025-07-05,130827.0
2043,Nizami,178.0,5.0,16.0,1982.0,2025-08-04,288003.0
2044,nesimi ,42.0,2.0,20.0,1973.0,2025-04-29,102762.0
2045,Nerimanov,170.0,6.0,5.0,1993.0,2025-01-26,398799.0
2046,  Sebail ,139.0,4.0,12.0,1982.0,2024-03-03,559615.0
2047,  Xezer ,51.0,2.0,4.0,1977.0,2025-07-02,93072.0
2048,Xetai,159.0,6.0,2.0,1995.0,2024-03-21,269304.0
2049,Xezer,51.0,1.0,18.0,1973.0,2024-04-10,90693.0
2050,Nesimi,51.0,1.0,7.0,2024.0,2024-02-11,165741.0
2051,Nesimi,116.0,2.0,8.0,1995.0,2025-07-22,324636.0
2052,Xetai,73.0,1.0,7.0,2024.0,2024-10-22,180880.0
2053,Xetai,73.0,3.0,1.0,2018.0,2024-05-21,166728.0
2054,Binaqadi,59.0,1.0,5.0,2023.0,2024-02-18,110508.0
2055,Xezer,121.0,4.0,5.0,1999.0,2024-09-04,256348.0
2056,Binaqadi,34.0,2.0,4.0,1993.0,2025-03-10,52324.0
2057,Nesimi,66.0,1.0,1.0,2009.0,2025-08-19,177893.0
2058,Yasamal,113.0,4.0,1.0,1974.0,2024-11-27,307239.0
2059,Xezer,102.0,3.0,12.0,2016.0,2024-12-30,212208.0
2060,Xetai,134.0,3.0,1.0,1987.0,2025-05-16,261824.0
2061,Binaqadi,62.0,1.0,2.0,1970.0,2025-06-25,76414.0
2062,Xetai,127.0,5.0,3.0,1983.0,2024-06-16,250171.0
2063,Sebail,143.0,5.0,2.0,1983.0,2025-08-18,459115.0
2064,Nerimanov,88.0,3.0,16.0,1970.0,2024-11-07,169770.0
2065,Binaqadi,,3.0,9.0,2006.0,2025-07-12,127230.0
2066,Nizami,113.0,2.0,15.0,1975.0,2024-03-11,181601.0
2067,Nesimi,116.0,4.0,10.0,2016.0,2024-02-28,377839.0
2068,Nesimi,44.0,1.0,18.0,1994.0,2025-06-14,104736.0
2069,Binaqadi,114.0,2.0,8.0,,2025-02-07,229325.0
2070,XEZER,53.0,2.0,10.0,1988.0,2024-04-15,91018.0
2071,Binaqadi,115.0,,,1977.0,2025-06-20,183219.0
2072,Sebail,169.0,5.0,4.0,1979.0,2024-03-02,619121.0
2073,Xetai,110.0,4.0,,2005.0,2025-02-13,254136.0
2074,Binaqadi,144.0,,1.0,2009.0,2024-05-03,228227.0
2075,Nizami,76.0,2.0,3.0,1984.0,2024-02-12,125852.0
2076,Xetai,2500.0,6.0,2.0,1989.0,2025-04-28,326845.0
2077,Nerimanov,151.0,5.0,1.0,2021.0,2025-05-23,390678.0
2078,  Nesimi ,167.0,5.0,5.0,2016.0,2024-03-04,509897.0
2079,Yasamal,141.0,4.0,13.0,1992.0,2024-02-25,296628.0
2080,Nizami,127.0,5.0,2.0,,2025-01-03,225088.0
2081,Sebail,108.0,2.0,4.0,1986.0,2024-01-18,378965.0
2082,Sebail,169.0,6.0,1.0,1999.0,2025-03-23,599008.0
2083,Nerimanov,157.0,6.0,2.0,2001.0,2025-07-03,360187.0
2084,Binaqadi,92.0,4.0,1.0,1980.0,2025-03-26,136849.0
2085,Nizami,42.0,1.0,7.0,1973.0,2024-05-18,59633.0
2086,Xetai,30.0,1.0,5.0,1997.0,2024-04-24,52003.0
2087,Xetai,,2.0,8.0,2013.0,2025-02-12,154481.0
2088,Sebail,39.0,1.0,6.0,,2024-02-06,136723.0
2089,  Yasamal ,61.0,3.0,11.0,1992.0,2024-11-18,150887.0
2090,Sebail,46.0,1.0,8.0,1978.0,2024-09-26,140614.0
2091,binaqadi ,177.0,,3.0,1983.0,2025-03-22,270591.0
2092,Binaqadi,44.0,1.0,8.0,2003.0,2024-05-01,66015.0
2093,Yasamal,124.0,5.0,12.0,1985.0,2025-04-02,274724.0
2094,Yasamal,82.0,2.0,11.0,1984.0,2025-02-23,184952.0
2095,  Yasamal ,56.0,2.0,11.0,,2024-05-23,177549.0
2096,Xezer,135.0,3.0,2.0,1979.0,2024-08-02,235842.0
2097,Nerimanov,175.0,5.0,14.0,1980.0,2024-02-09,359332.0
2098,Binaqadi,148.0,4.0,10.0,2021.0,tarix yoxdur,318802.0
2099,Nerimanov,176.0,5.0,2.0,2000.0,2024-06-05,432300.0
2100,Nizami,118.0,2.0,2.0,1972.0,2024-03-09,184157.0
2101,xetai,131.0,4.0,17.0,1993.0,2024-12-01,262938.0
2102,yasamal,51.0,1.0,8.0,2001.0,2024-12-06,128315.0
2103,Xezer,157.0,5.0,5.0,1983.0,2024-02-21,238771.0
2104,Nizami,142.0,3.0,8.0,2000.0,2024-04-21,274134.0
2105,binaqadi ,68.0,2.0,13.0,2005.0,2024-02-19,120985.0
2106,Xezer,83.0,2.0,6.0,1983.0,2025-02-11,150796.0
2107,Nesimi,121.0,3.0,1.0,2014.0,2024-07-21,358047.0
2108,Sebail,31.0,2.0,3.0,1994.0,2024-02-12,121382.0
2109,Xetai,152.0,6.0,4.0,2022.0,2024-04-24,
2110,Yasamal,72.0,1.0,8.0,1974.0,2025-08-08,154838.0
2111,nerimanov ,41.0,1.0,9.0,1987.0,2024-06-02,82760.0
2112,NESIMI,79.0,3.0,21.0,2009.0,2025-02-14,271189.0
2113,Nerimanov,155.0,4.0,10.0,2019.0,2024-10-08,437067.0
2114,Nerimanov,71.0,3.0,14.0,1982.0,2024-04-19,126076.0
2115,Yasamal,110.0,3.0,4.0,2023.0,2024-07-03,285758.0
2116,nizami,151.0,5.0,7.0,1980.0,2024-01-09,238627.0
2117,Xetai,35.0,1.0,3.0,1992.0,2025-03-24,69263.0
2118,Nerimanov,143.0,4.0,,1987.0,2024-07-19,283872.0
2119,Sebail,73.0,1.0,4.0,1993.0,2024-10-26,310185.0
2120,Xetai,,4.0,1.0,2019.0,2024-04-01,315977.0
2121,Nesimi,58.0,1.0,8.0,2010.0,2025-05-09,181947.0
2122,Yasamal,50.0,1.0,14.0,2013.0,2024-05-11,132870.0
2123,Nerimanov,148.0,,5.0,1983.0,2024-12-05,339485.0
2124,Nesimi,151.0,5.0,9.0,2022.0,2025-06-07,469795.0
2125,Nerimanov,177.0,6.0,6.0,1993.0,2025-03-03,397552.0
2126,Yasamal,131.0,3.0,6.0,2005.0,2024-12-27,370862.0
2127,Binaqadi,99.0,4.0,2.0,2008.0,2025-06-16,150226.0
2128,Binaqadi,,2.0,6.0,2006.0,2024-04-15,114889.0
2129,sebail ,74.0,3.0,19.0,2003.0,2025-08-01,291643.0
2130,Xetai,127.0,5.0,16.0,1996.0,2024-11-29,294497.0
2131,Nizami,81.0,2.0,5.0,2005.0,2024-09-02,136238.0
2132,Nerimanov,102.0,4.0,5.0,2019.0,2024-06-02,248938.0
2133,Nerimanov,55.0,2.0,,1991.0,2025-03-22,113356.0
2134,Binaqadi,95.0,3.0,4.0,1998.0,2025-08-08,160284.0
2135,NERIMANOV,65.0,1.0,9.0,1979.0,2025-02-18,138310.0
2136,Sebail,46.0,1.0,15.0,1989.0,2024-01-20,159185.0
2137,Yasamal,49.0,2.0,12.0,2012.0,2024-10-08,126020.0
2138,Yasamal,107.0,4.0,7.0,2005.0,2025-03-15,259537.0
2139,Nerimanov,84.0,2.0,12.0,1981.0,2024-08-26,179280.0
2140,Nesimi,44.0,1.0,7.0,2000.0,2025-04-08,121435.0
2141,Nesimi,107.0,4.0,4.0,2014.0,2025-02-28,311934.0
2142,Xezer,54.0,1.0,5.0,1976.0,2024-02-10,107174.0
2143,Nesimi,32.0,1.0,1.0,1973.0,2024-11-30,75444.0
2144,Nizami,49.0,1.0,3.0,1991.0,2024-04-13,91988.0
2145,Nizami,97.0,4.0,12.0,2006.0,2024-10-18,171795.0
2146,Xetai,173.0,4.0,15.0,1987.0,2024-08-18,352481.0
2147,Xezer,66.0,2.0,6.0,2015.0,2025-04-29,144282.0
2148,Sebail,72.0,1.0,1.0,2016.0,2025-06-04,250719.0
2149,Yasamal,66.0,2.0,8.0,1999.0,2024-10-03,192202.0
2150,Nesimi,83.0,1.0,17.0,1990.0,2024-11-18,222589.0
2151,  Xetai ,137.0,4.0,7.0,1972.0,2025-01-10,264713.0
2152,Nizami,78.0,2.0,5.0,,2025-01-28,142033.0
2153,Xezer,128.0,3.0,7.0,2019.0,2025-01-16,282927.0
2154,Nerimanov,164.0,4.0,7.0,1994.0,2025-04-14,352738.0
2155,Nesimi,171.0,6.0,17.0,,2025-08-12,532825.0
2156,Xezer,114.0,2.0,4.0,,2025-05-11,251412.0
2157,Nizami,136.0,3.0,4.0,2008.0,2024-03-21,261710.0
2158,Binaqadi,,4.0,14.0,1977.0,2024-10-12,
2159,Nerimanov,148.0,5.0,2.0,2006.0,2024-10-03,398838.0
2160,Nerimanov,74.0,2.0,5.0,2020.0,2024-11-01,207961.0
2161,Nerimanov,49.0,1.0,1.0,2011.0,2024-11-13,106636.0
2162,Nizami,47.0,2.0,6.0,1996.0,2025-03-06,77796.0
2163,Nesimi,162.0,4.0,17.0,1998.0,2024-09-09,422468.0
2164,Xezer,113.0,3.0,11.0,1984.0,2024-06-07,221727.0
2165,Nesimi,74.0,1.0,4.0,2006.0,2024-10-01,222030.0
2166,  Nerimanov ,81.0,3.0,9.0,1983.0,2025-05-27,156111.0
2167,yasamal,72.0,3.0,6.0,,2024-07-05,174209.0
2168,Nizami,150.0,6.0,9.0,1984.0,2024-01-13,
2169,NIZAMI,121.0,3.0,6.0,,2025-08-08,201813.0
2170,Xezer,161.0,4.0,3.0,1990.0,2024-04-27,268235.0
2171,Binaqadi,75.0,3.0,1.0,1974.0,2024-12-27,
2172,Nesimi,100.0,4.0,7.0,2009.0,2025-04-25,309758.0
2173,Nesimi,48.0,1.0,11.0,1994.0,2024-06-13,
2174,Xezer,175.0,6.0,5.0,2022.0,2024-07-23,424749.0
2175,Nerimanov,106.0,4.0,12.0,,2024-06-17,216776.0
2176,Sebail,112.0,,3.0,2006.0,2024-03-30,470955.0
2177,Binaqadi,92.0,3.0,22.0,1979.0,2024-04-01,121072.0
2178,Nizami,70.0,1.0,5.0,2000.0,2024-04-22,115760.0
2179,Sebail,172.0,4.0,13.0,1996.0,2024-10-01,660294.0
2180,Binaqadi,103.0,2.0,4.0,1994.0,2024-11-14,137861.0
2181,Xetai,131.0,3.0,9.0,2006.0,2024-01-10,289955.0
2182,Xetai,35.0,2.0,7.0,2015.0,2025-05-22,74733.0
2183,Binaqadi,71.0,2.0,6.0,1987.0,2025-02-09,111247.0
2184,Nerimanov,150.0,6.0,2.0,2016.0,2024-02-12,355867.0
2185,NERIMANOV,43.0,1.0,6.0,1980.0,2025-05-20,94682.0
2186,Xetai,45.0,2.0,7.0,1986.0,2024-01-19,89538.0
2187,Nesimi,151.0,4.0,4.0,1987.0,2024-12-02,447404.0
2188,Nesimi,76.0,3.0,6.0,2022.0,2024-10-06,244007.0
2189,Binaqadi,71.0,1.0,13.0,1976.0,2024-10-28,96916.0
2190,Nesimi,114.0,,16.0,1991.0,2025-07-27,304701.0
2191,Xetai,59.0,1.0,7.0,1993.0,2025-07-10,108909.0
2192,Yasamal,36.0,2.0,1.0,2014.0,2024-06-16,101941.0
2193,Nesimi,30.0,1.0,1.0,1996.0,2024-12-13,85460.0
2194,Xetai,41.0,1.0,5.0,2023.0,2025-07-29,118738.0
2195,Binaqadi,53.0,1.0,19.0,2010.0,2025-03-13,88789.0
2196,Nerimanov,134.0,5.0,1.0,2008.0,2025-06-16,317046.0
2197,Nesimi,74.0,2.0,13.0,2011.0,2024-09-17,214441.0
2198,Nesimi,40.0,1.0,15.0,1978.0,2024-06-18,102691.0
2199,Nesimi,32.0,1.0,1.0,,2024-11-02,88713.0
2200,XEZER,101.0,2.0,7.0,,2025-05-05,206427.0
2201,Yasamal,156.0,6.0,3.0,,2025-07-11,399622.0
2202,Yasamal,80.0,3.0,9.0,1976.0,2025-02-15,173820.0
2203,SEBAIL,39.0,1.0,6.0,1977.0,2025-02-27,140755.0
2204,Nerimanov,64.0,3.0,5.0,2013.0,2024-11-03,170725.0
2205,xezer,104.0,2.0,4.0,2006.0,2024-07-10,217843.0
2206,Nerimanov,58.0,1.0,6.0,1985.0,2024-09-10,124071.0
2207,Nizami,176.0,5.0,1.0,2010.0,2024-10-25,385074.0
2208,Nesimi,144.0,3.0,2.0,2008.0,2025-05-04,402568.0
2209,Nesimi,81.0,2.0,4.0,2014.0,2024-11-29,255795.0
2210,Nizami,172.0,4.0,8.0,2020.0,2025-04-20,321108.0
2211,Sebail,78.0,3.0,5.0,2018.0,2024-01-17,-1000.0
2212,Nerimanov,51.0,2.0,8.0,1979.0,2025-03-30,115609.0
2213,Yasamal,170.0,6.0,4.0,2012.0,2024-10-31,449990.0
2214,Sebail,,5.0,5.0,1991.0,2025-08-21,654743.0
2215,Xetai,76.0,2.0,18.0,1992.0,2024-10-10,159529.0
2216,Xezer,119.0,3.0,4.0,2005.0,2024-10-14,237934.0
2217,Sebail,55.0,2.0,4.0,2003.0,2024-03-17,226603.0
2218,Binaqadi,126.0,4.0,2.0,1993.0,2025-04-29,209010.0
2219,XETAI,133.0,4.0,5.0,2024.0,2025-02-24,328767.0
2220,Nizami,136.0,4.0,2.0,1979.0,2025-06-01,215176.0
2221,  Sebail ,115.0,3.0,14.0,1975.0,2024-02-25,393027.0
2222,Binaqadi,135.0,4.0,20.0,1971.0,2024-05-06,193716.0
2223,Sebail,113.0,,13.0,,2025-06-10,466920.0
2224,Xezer,152.0,5.0,10.0,1992.0,2024-01-26,280105.0
2225,Nizami,56.0,2.0,3.0,1994.0,2024-10-31,110219.0
2226,YASAMAL,102.0,4.0,1.0,,2024-08-30,244606.0
2227,SEBAIL,92.0,,4.0,1993.0,2025-07-17,349861.0
2228,Xetai,110.0,4.0,16.0,2001.0,2025-05-29,231692.0
2229,  Sebail ,51.0,1.0,2.0,1973.0,2025-06-22,189793.0
2230,Xetai,78.0,3.0,1.0,1978.0,2024-06-22,132896.0
2231,Binaqadi,,4.0,18.0,2021.0,2024-12-18,303305.0
2232,Yasamal,45.0,1.0,3.0,1994.0,2025-02-24,105524.0
2233,Nesimi,125.0,3.0,,1979.0,2025-08-03,325716.0
2234,Nesimi,129.0,4.0,14.0,1990.0,2024-01-05,311317.0
2235,Nesimi,101.0,3.0,3.0,1988.0,2025-08-09,260318.0
2236,Sebail,35.0,2.0,8.0,1985.0,2024-08-01,101729.0
2237,Nesimi,35.0,1.0,12.0,1986.0,tarix yoxdur,94494.0
2238,Nizami,71.0,3.0,10.0,2010.0,2025-01-04,128744.0
2239,Yasamal,45.0,2.0,17.0,1975.0,2025-04-13,90041.0
2240,Binaqadi,44.0,1.0,7.0,1987.0,2024-03-18,74327.0
2241,Binaqadi,54.0,1.0,,1995.0,2024-01-25,78660.0
2242,Binaqadi,58.0,2.0,8.0,1999.0,2025-06-21,102613.0
2243,Xetai,155.0,4.0,5.0,2018.0,2025-07-14,345285.0
2244,YASAMAL,125.0,5.0,1.0,2020.0,2024-04-03,398450.0
2245,Xezer,34.0,1.0,10.0,1986.0,2025-06-26,67619.0
2246,Nesimi,124.0,5.0,11.0,1999.0,2025-06-29,325027.0
2247,nerimanov ,50.0,1.0,2.0,1971.0,2025-08-21,93264.0
2248,  Nerimanov ,93.0,4.0,21.0,2003.0,2024-05-09,236721.0
2249,Nizami,35.0,2.0,15.0,1978.0,2024-12-13,54063.0
2250,Xetai,43.0,1.0,16.0,1974.0,2025-08-19,78331.0
2251,Binaqadi,49.0,1.0,6.0,2006.0,2025-06-25,93218.0
2252,Xezer,95.0,3.0,4.0,1979.0,tarix yoxdur,9999999.0
2253,Nerimanov,99.0,2.0,10.0,1996.0,2024-04-28,233056.0
2254,binaqadi,,2.0,1.0,1975.0,2024-02-20,123745.0
2255,Nesimi,123.0,5.0,8.0,2011.0,2024-06-04,397833.0
2256,xezer ,138.0,3.0,12.0,2012.0,2024-02-09,
2257,Nesimi,139.0,5.0,9.0,2001.0,2024-04-27,391369.0
2258,Binaqadi,116.0,4.0,4.0,2015.0,2024-02-14,180587.0
2259,Nerimanov,111.0,3.0,15.0,1994.0,2025-04-02,234856.0
2260,Xezer,103.0,3.0,8.0,,2024-12-19,191198.0
2261,Nesimi,65.0,2.0,8.0,1978.0,2024-11-06,162279.0
2262,Nerimanov,103.0,2.0,19.0,1982.0,2025-04-30,223353.0
2263,Xezer,31.0,1.0,23.0,1981.0,2024-09-03,61151.0
2264,Sebail,174.0,6.0,9.0,1987.0,2024-08-29,559436.0
2265,Yasamal,85.0,1.0,8.0,,2024-05-04,196547.0
2266,sebail ,143.0,5.0,4.0,2002.0,2024-09-23,560851.0
2267,Yasamal,173.0,6.0,1.0,1978.0,2024-04-14,366449.0
2268,Nerimanov,104.0,4.0,3.0,2004.0,2024-12-19,282906.0
2269,Xetai,159.0,,13.0,1988.0,2025-08-21,342820.0
2270,Yasamal,101.0,3.0,,2007.0,2024-11-15,273425.0
2271,NESIMI,49.0,1.0,,1998.0,2024-06-28,158886.0
2272,nesimi,33.0,2.0,3.0,2019.0,2025-02-16,91840.0
2273,Xezer,50.0,2.0,9.0,1994.0,2025-05-07,98162.0
2274,Xezer,171.0,5.0,4.0,1986.0,2024-10-10,330250.0
2275,Nesimi,101.0,4.0,5.0,2002.0,2024-05-30,
2276,Nesimi,77.0,2.0,8.0,2006.0,2025-03-04,233403.0
2277,Sebail,96.0,3.0,10.0,,2024-04-22,323561.0
2278,  Xezer ,68.0,1.0,12.0,2000.0,2025-08-21,145706.0
2279,Nizami,160.0,5.0,6.0,1995.0,2024-07-09,302490.0
2280,Binaqadi,179.0,5.0,10.0,1986.0,2024-07-29,282614.0
2281,Yasamal,42.0,2.0,2.0,1987.0,2025-03-12,87376.0
2282,nizami,137.0,5.0,3.0,2019.0,2024-01-08,249823.0
2283,Sebail,80.0,1.0,4.0,2007.0,2024-05-01,331731.0
2284,Nizami,37.0,1.0,6.0,1975.0,2024-03-16,57396.0
2285,Xetai,168.0,6.0,2.0,2022.0,2024-08-22,317181.0
2286,Yasamal,39.0,1.0,9.0,2009.0,2024-11-28,118176.0
2287,Nizami,60.0,2.0,5.0,1972.0,2024-04-17,92163.0
2288,nizami,33.0,2.0,16.0,,2024-07-25,58249.0
2289,Nerimanov,100.0,3.0,12.0,2002.0,2025-04-08,260703.0
2290,Nesimi,119.0,4.0,8.0,2020.0,2025-07-17,357658.0
2291,Sebail,78.0,2.0,16.0,1996.0,2024-01-09,275599.0
2292,Xezer,40.0,1.0,16.0,1998.0,2025-01-11,82644.0
2293,Yasamal,47.0,1.0,3.0,1987.0,2024-01-16,131149.0
2294,  Yasamal ,170.0,6.0,,1987.0,2024-11-08,469140.0
2295,Nizami,150.0,5.0,1.0,2003.0,2025-06-11,272555.0
2296,Yasamal,170.0,6.0,10.0,2015.0,2025-04-23,500953.0
2297,Nerimanov,,2.0,20.0,2018.0,2024-05-19,303920.0
2298,Nizami,111.0,4.0,21.0,2012.0,2024-06-04,190524.0
2299,Xetai,147.0,3.0,5.0,2003.0,2025-04-15,337747.0
2300,Nizami,122.0,5.0,8.0,1997.0,2025-05-06,202397.0
2301,Sebail,95.0,3.0,13.0,1988.0,2024-06-17,348116.0
2302,Nerimanov,73.0,3.0,9.0,2012.0,2024-01-02,182364.0
2303,Nerimanov,102.0,,4.0,1987.0,2024-09-23,235559.0
2304,nizami ,39.0,2.0,7.0,1984.0,2025-01-06,64411.0
2305,Nesimi,58.0,2.0,5.0,2017.0,2024-09-23,136958.0
2306,Nesimi,140.0,4.0,10.0,2002.0,2025-07-14,411495.0
2307,Binaqadi,160.0,6.0,12.0,1989.0,2025-05-03,264510.0
2308,Nizami,45.0,1.0,12.0,2017.0,2025-04-17,91204.0
2309,Binaqadi,44.0,1.0,9.0,2022.0,2024-01-13,81686.0
2310,Yasamal,42.0,1.0,16.0,1987.0,2025-05-27,116057.0
2311,Xezer,148.0,5.0,13.0,1998.0,2025-03-29,304665.0
2312,Yasamal,76.0,3.0,7.0,1996.0,2024-08-26,202217.0
2313,Nizami,79.0,2.0,4.0,2008.0,2024-12-19,160027.0
2314,Nesimi,31.0,1.0,4.0,2022.0,2025-05-09,102361.0
2315,XEZER,175.0,5.0,14.0,2000.0,2025-06-27,329819.0
2316,Yasamal,95.0,4.0,14.0,2013.0,2024-11-26,215118.0
2317,Binaqadi,149.0,5.0,4.0,2002.0,2024-01-25,242252.0
2318,Yasamal,136.0,3.0,8.0,2018.0,2025-01-06,416165.0
2319,Binaqadi,51.0,1.0,2.0,1992.0,2025-02-12,79277.0
2320,NERIMANOV,150.0,5.0,12.0,1991.0,2024-02-05,362679.0
2321,Sebail,112.0,4.0,2.0,1993.0,2025-05-05,416728.0
2322,Nesimi,120.0,4.0,5.0,2024.0,2024-04-30,428864.0
2323,Nizami,60.0,3.0,7.0,2003.0,2025-06-18,106670.0
2324,Nesimi,157.0,5.0,12.0,1978.0,2024-11-26,411164.0
2325,Yasamal,169.0,6.0,6.0,1972.0,2024-07-12,391862.0
2326,XETAI,90.0,2.0,13.0,1998.0,2024-02-05,214393.0
2327,Yasamal,43.0,2.0,13.0,2014.0,2024-01-11,104979.0
2328,Nesimi,157.0,4.0,8.0,1996.0,2025-03-20,424151.0
2329,Xetai,163.0,5.0,2.0,2000.0,2024-08-14,374239.0
2330,Nizami,105.0,4.0,3.0,2013.0,2025-05-19,226303.0
2331,Nizami,116.0,4.0,1.0,1998.0,2024-05-18,203240.0
2332,Xezer,63.0,2.0,19.0,2019.0,2025-07-06,137810.0
2333,Sebail,40.0,1.0,10.0,2005.0,2025-07-18,166549.0
2334,Nerimanov,171.0,4.0,13.0,2010.0,2024-03-02,460596.0
2335,Nesimi,102.0,,8.0,2012.0,2025-01-23,302479.0
2336,Xezer,71.0,1.0,14.0,2004.0,2025-07-17,151191.0
2337,Xetai,133.0,3.0,4.0,,2024-07-12,265406.0
2338,sebail ,33.0,1.0,9.0,1993.0,2024-02-10,139694.0
2339,Nizami,41.0,1.0,13.0,1977.0,2025-06-09,68110.0
2340,Sebail,66.0,1.0,1.0,1998.0,2024-10-11,242898.0
2341,yasamal,97.0,3.0,14.0,1977.0,2024-01-17,222117.0
2342,Nizami,85.0,3.0,4.0,1998.0,2025-05-19,157356.0
2343,Xetai,58.0,1.0,2.0,1988.0,2025-02-11,115501.0
2344,Binaqadi,82.0,3.0,7.0,1971.0,2024-02-12,117297.0
2345,Xetai,80.0,2.0,5.0,1976.0,2024-06-04,136939.0
2346,Binaqadi,,2.0,4.0,1997.0,2024-01-11,196095.0
2347,  Xetai ,114.0,4.0,5.0,1974.0,2025-07-26,191317.0
2348,Sebail,162.0,5.0,13.0,2017.0,2024-01-15,652940.0
2349,Sebail,151.0,6.0,10.0,2011.0,2025-04-22,616381.0
2350,Binaqadi,73.0,1.0,10.0,2009.0,2024-11-02,148427.0
2351,  Sebail ,165.0,4.0,16.0,1979.0,2024-12-15,539904.0
2352,Nerimanov,108.0,2.0,2.0,2013.0,2025-05-01,261484.0
2353,Sebail,58.0,1.0,7.0,2004.0,2025-06-20,216520.0
2354,Yasamal,81.0,3.0,,1991.0,2024-03-17,222443.0
2355,Xetai,141.0,5.0,13.0,1970.0,2024-01-11,196698.0
2356,Nesimi,153.0,5.0,2.0,1999.0,2024-03-15,401227.0
2357,Nerimanov,86.0,2.0,5.0,2013.0,2025-02-13,267994.0
2358,Xezer,53.0,2.0,5.0,1971.0,2024-12-07,94971.0
2359,Sebail,58.0,1.0,7.0,1972.0,2024-02-20,171371.0
2360,Sebail,,1.0,10.0,1991.0,2024-05-20,163051.0
2361,Yasamal,,3.0,5.0,1998.0,2024-11-18,350180.0
2362,Binaqadi,105.0,2.0,2.0,1996.0,2025-03-14,183399.0
2363,Nerimanov,97.0,3.0,2.0,1993.0,2024-07-25,255725.0
2364,Nizami,130.0,4.0,17.0,1984.0,2025-07-23,219306.0
2365,  Sebail ,154.0,5.0,3.0,1973.0,2025-08-18,480688.0
2366,NIZAMI,149.0,4.0,3.0,1971.0,2025-04-04,239113.0
2367,Sebail,50.0,2.0,17.0,1975.0,2024-09-29,155958.0
2368,Nizami,118.0,4.0,3.0,2007.0,2025-06-10,201306.0
2369,Nesimi,162.0,4.0,18.0,,2025-03-12,427163.0
2370,Binaqadi,146.0,3.0,10.0,1993.0,2024-11-07,205463.0
2371,Yasamal,79.0,1.0,14.0,1974.0,2024-09-23,165519.0
2372,Nesimi,88.0,3.0,3.0,1992.0,2025-05-14,218578.0
2373,Yasamal,163.0,5.0,3.0,2024.0,2024-11-30,496241.0
2374,Sebail,34.0,2.0,3.0,1983.0,2024-04-19,106648.0
2375,nesimi ,108.0,3.0,7.0,1997.0,2025-08-22,227965.0
2376,Xetai,47.0,1.0,15.0,1999.0,2024-02-11,92108.0
2377,Yasamal,164.0,4.0,13.0,1988.0,2025-02-21,387685.0
2378,Yasamal,,1.0,14.0,1994.0,2025-01-28,84668.0
2379,Binaqadi,33.0,1.0,7.0,1995.0,2024-12-17,60212.0
2380,Sebail,79.0,2.0,15.0,1996.0,2024-02-01,280902.0
2381,Nerimanov,60.0,1.0,2.0,2009.0,2024-10-22,160928.0
2382,Nesimi,104.0,2.0,1.0,2001.0,2025-06-19,290317.0
2383,Nerimanov,,1.0,1.0,1972.0,2024-05-23,144929.0
2384,Yasamal,83.0,3.0,7.0,1970.0,2025-02-18,170397.0
2385,Sebail,114.0,4.0,3.0,1992.0,2025-05-30,414858.0
2386,Sebail,114.0,3.0,10.0,2019.0,2025-07-25,451238.0
2387,Binaqadi,170.0,5.0,2.0,1972.0,2024-11-05,244364.0
2388,Sebail,102.0,4.0,10.0,1973.0,2024-07-07,326458.0
2389,Binaqadi,,3.0,4.0,2007.0,2025-02-23,182921.0
2390,  Xezer ,,4.0,3.0,1994.0,2024-10-18,277763.0
2391,Nerimanov,5.0,1.0,1.0,1982.0,2025-01-11,121088.0
2392,Yasamal,130.0,,4.0,1981.0,2025-03-21,295408.0
2393,binaqadi ,159.0,5.0,3.0,2006.0,2025-03-02,277735.0
2394,Xezer,77.0,3.0,8.0,1998.0,tarix yoxdur,153619.0
2395,Sebail,56.0,1.0,8.0,2005.0,2025-03-29,204593.0
2396,Xezer,81.0,2.0,2.0,1985.0,2024-11-21,151940.0
2397,Xezer,71.0,1.0,2.0,1998.0,2025-07-12,135520.0
2398,nesimi ,117.0,4.0,5.0,2017.0,2025-01-30,338647.0
2399,Sebail,159.0,6.0,11.0,1987.0,2025-06-19,
2400,NIZAMI,119.0,2.0,3.0,1991.0,2025-08-10,196978.0
2095,  Yasamal ,56.0,2.0,11.0,,2024-05-23,177549.0
2033,Nesimi,123.0,3.0,4.0,1990.0,2024-04-20,335462.0
2226,YASAMAL,102.0,4.0,1.0,,2024-08-30,244606.0
2158,Binaqadi,,4.0,14.0,1977.0,2024-10-12,
2357,Nerimanov,86.0,2.0,5.0,2013.0,2025-02-13,267994.0
2026,nizami ,160.0,4.0,15.0,1973.0,2025-01-02,231355.0
2068,Nesimi,44.0,1.0,18.0,1994.0,2025-06-14,104736.0
2190,Nesimi,114.0,,16.0,1991.0,2025-07-27,304701.0
2305,Nesimi,58.0,2.0,5.0,2017.0,2024-09-23,136958.0
2227,SEBAIL,92.0,,4.0,1993.0,2025-07-17,349861.0
